Rank,Name,Platform,Year,Genre,Publisher,NA_Sales,EU_Sales,JP_Sales,Other_Sales,Global_Sales,User_Score
1,Wii Sports,Wii,2006,Sports,Nintendo,41.49,29.02,3.77,8.46,82.74,8.0
2,Super Mario Bros.,NES,1985,Platform,Nintendo,29.08,3.58,6.81,0.77,40.24,8.5
3,Mario Kart Wii,Wii,2008,Racing,Nintendo,15.85,12.88,3.79,3.31,35.82,8.2
4,Wii Sports Resort,Wii,2009,Sports,Nintendo,15.75,11.01,3.28,2.96,33.0,8.0
5,Pokemon Red/Pokemon Blue,GB,1996,Role-Playing,Nintendo,11.27,8.89,10.22,1.0,31.37,8.8
6,Tetris,GB,1989,Puzzle,Nintendo,23.2,2.26,4.22,0.58,30.26,7.8
7,New Super Mario Bros.,DS,2006,Platform,Nintendo,11.38,9.23,6.5,2.9,30.01,8.1
8,Wii Play,Wii,2006,Misc,Nintendo,14.03,9.2,2.93,2.85,29.02,6.6
9,New Super Mario Bros. Wii,Wii,2009,Platform,Nintendo,14.59,7.06,4.7,2.26,28.62,8.4
10,Duck Hunt,NES,1984,Shooter,Nintendo,26.93,0.63,0.28,0.47,28.31,7.5
11,Nintendogs,DS,2005,Simulation,Nintendo,9.07,11.0,1.93,2.75,24.76,7.7
12,Mario Kart DS,DS,2005,Racing,Nintendo,9.81,7.57,4.13,1.92,23.42,8.7
13,Pokemon Gold/Pokemon Silver,GB,1999,Role-Playing,Nintendo,9.0,6.18,7.2,0.71,23.09,9.1
14,Wii Fit,Wii,2007,Sports,Nintendo,8.94,8.03,3.6,2.15,22.72,7.7
15,Wii Fit Plus,Wii,2009,Sports,Nintendo,9.09,8.59,2.53,1.79,22.0,7.4
16,Kinect Adventures!,X360,2010,Misc,Microsoft Game Studios,14.97,4.94,0.24,1.67,21.82,6.3
17,Grand Theft Auto V,PS3,2013,Action,Take-Two Interactive,7.01,9.27,0.97,4.14,21.4,8.3
18,Grand Theft Auto: San Andreas,PS2,2004,Action,Take-Two Interactive,9.43,0.4,0.41,10.57,20.81,9.0
19,Super Mario World,SNES,1990,Platform,Nintendo,12.78,3.75,3.54,0.55,20.61,9.3
20,Brain Age: Train Your Brain in Minutes a Day,DS,2005,Misc,Nintendo,4.75,9.26,4.16,2.05,20.22,7.9
21,Pokemon Diamond/Pokemon Pearl,DS,2006,Role-Playing,Nintendo,6.38,4.46,5.89,1.36,18.25,8.2
22,Super Mario Land,GB,1989,Platform,Nintendo,10.83,2.71,4.18,0.42,18.14,8.0
23,Super Mario Bros. 3,NES,1988,Platform,Nintendo,9.54,3.41,3.84,0.55,17.28,9.2
24,Grand Theft Auto V,X360,2013,Action,Take-Two Interactive,9.63,5.31,0.06,1.38,16.38,8.3
25,Grand Theft Auto: Vice City,PS2,2002,Action,Take-Two Interactive,8.41,5.49,0.47,1.78,16.15,8.8
26,Pokemon Ruby/Pokemon Sapphire,GBA,2002,Role-Playing,Nintendo,6.06,3.9,5.38,0.5,15.85,8.6
27,Pokemon Black/Pokemon White,DS,2010,Role-Playing,Nintendo,5.51,3.17,5.65,0.8,15.13,8.3
28,Call of Duty: Modern Warfare 3,X360,2011,Shooter,Activision,9.03,4.28,0.13,1.32,14.76,7.6
29,Call of Duty: Black Ops,X360,2010,Shooter,Activision,9.67,3.68,0.11,1.13,14.59,7.8
30,Call of Duty: Black Ops II,X360,2012,Shooter,Activision,8.25,4.24,0.07,1.12,13.67,7.2
